"證券代號 TT","可借券賣出股數"
"證券代號 TT","可借券賣出股數"
"0050 TT","3,055,081"
"006201 TT","6,919"
"0051 TT","6,273"
"1258 TT","78,666"
"0052 TT","1,386"
"1259 TT","2,423"
"0053 TT","2,813"
"1264 TT","18,705"
"0054 TT","1,827"
"1336 TT","8,308"
"0055 TT","74,681"
"1565 TT","63,257"
"0056 TT","312,954"
"1566 TT","215,416"
"0057 TT","2,106"
"1569 TT","21,967"
"0058 TT","726"
"1570 TT","63,220"
"0059 TT","513"
"1580 TT","126,747"
"0061 TT","1,745,914"
"1584 TT","323,369"
"006203 TT","733"
"1586 TT","111,532"
"006204 TT","1,306"
"1593 TT","7,910"
"006205 TT","1,959,847"
"1595 TT","8,149"
"006206 TT","570,587"
"1597 TT","102,818"
"006207 TT","702,884"
"1599 TT","341,708"
"006208 TT","406"
"1742 TT","106,879"
"00631L TT","1,215,480"
"1752 TT","135,929"
"00632R TT","15,646,111"
"1777 TT","59,287"
"00633L TT","20,470,088"
"1781 TT","21,124"
"00634R TT","1,354,023"
"1784 TT","44,644"
"00635U TT","159,330"
"1785 TT","390,878"
"00636 TT","406,853"
"1787 TT","42,924"
"00637L TT","28,341,358"
"1788 TT","8,606"
"00638R TT","374,648"
"1795 TT","192,031"
"00639 TT","1,020,024"
"1799 TT","35,636"
"00640L TT","2,839,420"
"1813 TT","18,028"
"00641R TT","502,560"
"1815 TT","526,676"
"00642U TT","6,171,455"
"2035 TT","1,345"
"00643 TT","398,897"
"2061 TT","25,365"
"00645 TT","226,600"
"2063 TT","4,792"
"00646 TT","107,240"
"2064 TT","13,807"
"00647L TT","106,553"
"2066 TT","41,804"
"00648R TT","523,056"
"2221 TT","34,972"
"00649 TT","241,806"
"2230 TT","54,800"
"00650L TT","209,886"
"2233 TT","268,393"
"00651R TT","124,413"
"2235 TT","13,058"
"00652 TT","793,726"
"2596 TT","4,680"
"00653L TT","754,641"
"2636 TT","107,960"
"00654R TT","811,350"
"2640 TT","9,014"
"00655L TT","1,881,136"
"2641 TT","32,505"
"00656R TT","527,778"
"2719 TT","10,344"
"008201 TT","3,193"
"2724 TT","14,557"
"1101 TT","1,678,246"
"2726 TT","2,175"
"1102 TT","843,020"
"2732 TT","12,570"
"1103 TT","47,185"
"2734 TT","4,436"
"1104 TT","55,758"
"2916 TT","8,699"
"1108 TT","88,325"
"2924 TT","4,564"
"1109 TT","11,112"
"2926 TT","11,832"
"1110 TT","7,769"
"3068 TT","22,239"
"1201 TT","372,751"
"3071 TT","37,431"
"1203 TT","16,605"
"3078 TT","618,048"
"1210 TT","377,989"
"3081 TT","162,501"
"1213 TT","18,779"
"3083 TT","86,195"
"1215 TT","427,487"
"3086 TT","242,511"
"1216 TT","2,069,815"
"3088 TT","80,991"
"1217 TT","293,824"
"3092 TT","111,981"
"1218 TT","392,523"
"3093 TT","2,655"
"1219 TT","14,068"
"3105 TT","1,564,116"
"1220 TT","15,794"
"3114 TT","7,638"
"1225 TT","31,203"
"3118 TT","9,294"
"1227 TT","286,209"
"3122 TT","214,309"
"1229 TT","139,042"
"3128 TT","13,684"
"1231 TT","24,459"
"3131 TT","103,659"
"1232 TT","24,989"
"3141 TT","889,933"
"1233 TT","8,388"
"3144 TT","23,253"
"1234 TT","15,537"
"3152 TT","125,881"
"1235 TT","40,072"
"3162 TT","3,311"
"1236 TT","2,457"
"3163 TT","645,658"
"1262 TT","142,788"
"3169 TT","36,548"
"1301 TT","1,296,687"
"3171 TT","9,250"
"1303 TT","1,300,110"
"3176 TT","109,533"
"1304 TT","402,714"
"3202 TT","279,162"
"1305 TT","670,712"
"3205 TT","81,697"
"1307 TT","97,830"
"3206 TT","27,671"
"1308 TT","149,140"
"3207 TT","4,429"
"1309 TT","109,834"
"3211 TT","87,314"
"1310 TT","1,580,561"
"3213 TT","12,558"
"1312 TT","1,333,151"
"3217 TT","20,247"
"1313 TT","239,037"
"3218 TT","46,197"
"1314 TT","1,311,676"
"3219 TT","2,856"
"1315 TT","51,505"
"3221 TT","637,795"
"1316 TT","86,380"
"3224 TT","66,927"
"1319 TT","1,161,410"
"3226 TT","8,700"
"1321 TT","18,256"
"3227 TT","456,568"
"1323 TT","178,928"
"3230 TT","16,942"
"1324 TT","9,568"
"3232 TT","33,817"
"1325 TT","21,260"
"3234 TT","991,353"
"1326 TT","1,190,081"
"3236 TT","166,130"
"1337 TT","801,796"
"3252 TT","23,671"
"1338 TT","186,802"
"3259 TT","37,951"
"1339 TT","134,847"
"3260 TT","234,852"
"1340 TT","104,707"
"3264 TT","421,177"
"1402 TT","1,578,847"
"3265 TT","125,431"
"1409 TT","175,539"
"3272 TT","82,784"
"1410 TT","5,344"
"3276 TT","23,958"
"1414 TT","57,622"
"3284 TT","93,845"
"1416 TT","88,793"
"3285 TT","43,961"
"1417 TT","182,673"
"3287 TT","17,691"
"1418 TT","7,189"
"3289 TT","435,826"
"1419 TT","6,294"
"3290 TT","72,494"
"1423 TT","20,312"
"3291 TT","41,297"
"1432 TT","166,691"
"3293 TT","760,303"
"1434 TT","217,500"
"3294 TT","51,255"
"1436 TT","2,594"
"3297 TT","8,957"
"1437 TT","40,824"
"3299 TT","339,669"
"1439 TT","27,575"
"3303 TT","152,272"
"1440 TT","152,166"
"3306 TT","7,339"
"1442 TT","32,337"
"3310 TT","121,187"
"1443 TT","3,478"
"3313 TT","26,852"
"1444 TT","364,950"
"3317 TT","61,144"
"1445 TT","65,230"
"3322 TT","61,239"
"1446 TT","14,558"
"3323 TT","48,276"
"1447 TT","230,406"
"3324 TT","1,250,361"
"1451 TT","51,892"
"3325 TT","78,208"
"1452 TT","349,900"
"3332 TT","840"
"1453 TT","14,201"
"3339 TT","34,743"
"1454 TT","46,727"
"3354 TT","19,698"
"1455 TT","692,348"
"3360 TT","574,460"
"1457 TT","609,899"
"3362 TT","6,982"
"1459 TT","143,194"
"3363 TT","70,238"
"1460 TT","297,419"
"3372 TT","72,203"
"1463 TT","114,010"
"3373 TT","178,995"
"1464 TT","543,846"
"3374 TT","483,068"
"1465 TT","8,786"
"3379 TT","7,392"
"1466 TT","21,638"
"3388 TT","5,490"
"1467 TT","107,824"
"3390 TT","33,407"
"1470 TT","2,147"
"3402 TT","183,529"
"1471 TT","111,164"
"3428 TT","326,679"
"1473 TT","374,774"
"3434 TT","5,605"
"1474 TT","76,075"
"3438 TT","81,380"
"1476 TT","361,218"
"3441 TT","18,040"
"1477 TT","356,365"
"3444 TT","11,176"
"1503 TT","12,532"
"3452 TT","212,887"
"1504 TT","602,053"
"3455 TT","278,429"
"1506 TT","76,350"
"3466 TT","2,536"
"1507 TT","167,686"
"3479 TT","292,487"
"1512 TT","127,710"
"3483 TT","202,357"
"1513 TT","237,667"
"3484 TT","209,761"
"1514 TT","87,720"
"3489 TT","12,943"
"1515 TT","52,978"
"3490 TT","328,932"
"1516 TT","49,707"
"3491 TT","191,460"
"1517 TT","49,408"
"3492 TT","273,664"
"1519 TT","126,128"
"3498 TT","225,345"
"1521 TT","48,876"
"3499 TT","176,103"
"1522 TT","412,108"
"3508 TT","219,173"
"1524 TT","247,400"
"3511 TT","165,798"
"1525 TT","118,242"
"3512 TT","15,787"
"1526 TT","35,892"
"3516 TT","11,789"
"1527 TT","384,581"
"3520 TT","291,077"
"1528 TT","225,902"
"3521 TT","46,076"
"1530 TT","10,552"
"3522 TT","47,581"
"1531 TT","42,757"
"3523 TT","99,987"
"1532 TT","442,714"
"3526 TT","230,652"
"1533 TT","555,478"
"3527 TT","48,265"
"1535 TT","11,900"
"3528 TT","39,245"
"1536 TT","929,793"
"3529 TT","59,877"
"1537 TT","71,847"
"3531 TT","4,209"
"1539 TT","174,762"
"3537 TT","77,325"
"1540 TT","45,792"
"3540 TT","209,757"
"1541 TT","176,684"
"3541 TT","33,122"
"1558 TT","29,502"
"3546 TT","63,234"
"1560 TT","45,940"
"3548 TT","267,811"
"1568 TT","529,928"
"3551 TT","24,780"
"1582 TT","152,728"
"3552 TT","300,748"
"1583 TT","6,626"
"3553 TT","55,508"
"1589 TT","172,885"
"3556 TT","110,623"
"1590 TT","193,226"
"3558 TT","85,325"
"1592 TT","119,124"
"3563 TT","13,149"
"1603 TT","48,479"
"3564 TT","38,285"
"1604 TT","180,908"
"3567 TT","73,176"
"1605 TT","1,763,470"
"3577 TT","9,456"
"1608 TT","73,690"
"3580 TT","91,305"
"1609 TT","76,327"
"3581 TT","84,515"
"1611 TT","484,358"
"3587 TT","116,843"
"1612 TT","25,590"
"3594 TT","158,694"
"1614 TT","25,861"
"3609 TT","10,204"
"1615 TT","6,916"
"3611 TT","33,166"
"1617 TT","6,374"
"3615 TT","103,293"
"1618 TT","122,128"
"3623 TT","46,924"
"1626 TT","9,228"
"3624 TT","162,147"
"1701 TT","98,427"
"3625 TT","23,339"
"1702 TT","152,920"
"3628 TT","14,853"
"1704 TT","1,451,874"
"3630 TT","49,668"
"1707 TT","186,157"
"3631 TT","6,579"
"1708 TT","185,964"
"3632 TT","449,127"
"1709 TT","259,673"
"3642 TT","99,843"
"1710 TT","322,141"
"3646 TT","10,087"
"1711 TT","191,876"
"3652 TT","3,765"
"1712 TT","174,384"
"3658 TT","129,124"
"1713 TT","12,749"
"3662 TT","1,322,127"
"1714 TT","364,544"
"3663 TT","15,783"
"1715 TT","152,826"
"3664 TT","134,389"
"1717 TT","103,987"
"3666 TT","186,149"
"1718 TT","772,759"
"3675 TT","13,950"
"1720 TT","121,019"
"3680 TT","87,213"
"1721 TT","122,989"
"3685 TT","70,670"
"1722 TT","516,129"
"3687 TT","81,749"
"1723 TT","81,816"
"3689 TT","73,046"
"1724 TT","40,990"
"3691 TT","149,776"
"1725 TT","4,778"
"3693 TT","42,754"
"1726 TT","16,263"
"3707 TT","621,193"
"1727 TT","10,615"
"4102 TT","49,893"
"1729 TT","84,024"
"4103 TT","14,682"
"1730 TT","48,130"
"4105 TT","559,932"
"1731 TT","405,856"
"4107 TT","118,271"
"1732 TT","61,454"
"4109 TT","48,573"
"1733 TT","41,046"
"4111 TT","30,660"
"1734 TT","175,017"
"4113 TT","139,470"
"1735 TT","124,385"
"4114 TT","93,977"
"1736 TT","54,788"
"4116 TT","61,685"
"1737 TT","136,663"
"4120 TT","59,063"
"1762 TT","68,211"
"4121 TT","81,178"
"1773 TT","18,452"
"4123 TT","257,138"
"1783 TT","71,639"
"4126 TT","126,855"
"1786 TT","95,814"
"4127 TT","54,450"
"1789 TT","328,228"
"4129 TT","195,865"
"1802 TT","851,947"
"4130 TT","342,139"
"1805 TT","23,320"
"4138 TT","28,108"
"1806 TT","60,670"
"4153 TT","82,709"
"1808 TT","137,131"
"4157 TT","239,330"
"1809 TT","62,087"
"4161 TT","121,743"
"1810 TT","170,977"
"4162 TT","290,951"
"1817 TT","55,143"
"4163 TT","209,188"
"1902 TT","107,320"
"4173 TT","108,399"
"1903 TT","14,932"
"4174 TT","262,270"
"1904 TT","109,688"
"4205 TT","5,539"
"1905 TT","224,167"
"4207 TT","17,603"
"1906 TT","137,785"
"4303 TT","2,336"
"1907 TT","217,052"
"4305 TT","4,688"
"1909 TT","502,564"
"4401 TT","25,512"
"2002 TT","7,416,636"
"4406 TT","34,842"
"2006 TT","295,411"
"4416 TT","1,986"
"2007 TT","47,666"
"4417 TT","87,023"
"2008 TT","28,347"
"4420 TT","131,394"
"2010 TT","145,183"
"4429 TT","6,848"
"2012 TT","13,459"
"4430 TT","11,785"
"2013 TT","111,891"
"4432 TT","90,822"
"2015 TT","124,734"
"4433 TT","9,053"
"2017 TT","167,787"
"4502 TT","32,456"
"2020 TT","98,399"
"4506 TT","65,354"
"2023 TT","533,308"
"4510 TT","173,337"
"2024 TT","26,061"
"4513 TT","115,184"
"2027 TT","256,513"
"4523 TT","301,612"
"2029 TT","55,538"
"4527 TT","6,238"
"2030 TT","117,148"
"4528 TT","107,835"
"2031 TT","139,396"
"4529 TT","333,087"
"2032 TT","127,951"
"4533 TT","650,122"
"2033 TT","12,658"
"4534 TT","314,115"
"2034 TT","337,066"
"4535 TT","27,665"
"2038 TT","36,899"
"4541 TT","44,817"
"2049 TT","578,897"
"4549 TT","6,927"
"2059 TT","65,075"
"4550 TT","15,053"
"2062 TT","154,314"
"4706 TT","126,944"
"2101 TT","488,511"
"4707 TT","58,351"
"2102 TT","128,016"
"4711 TT","5,016"
"2103 TT","847,258"
"4712 TT","19,789"
"2104 TT","150,055"
"4714 TT","25,145"
"2105 TT","1,398,225"
"4716 TT","23,272"
"2106 TT","245,004"
"4721 TT","352,329"
"2107 TT","283,274"
"4728 TT","177,847"
"2108 TT","436,198"
"4736 TT","75,128"
"2109 TT","100,331"
"4739 TT","706,193"
"2114 TT","13,827"
"4745 TT","163,587"
"2115 TT","107,794"
"4747 TT","13,165"
"2201 TT","361,624"
"4803 TT","149,028"
"2204 TT","444,846"
"4804 TT","45,934"
"2206 TT","312,866"
"4903 TT","170,731"
"2207 TT","57,013"
"4905 TT","24,691"
"2208 TT","226,603"
"4908 TT","37,688"
"2227 TT","42,142"
"4909 TT","57,068"
"2228 TT","166,692"
"4924 TT","42,326"
"2231 TT","92,372"
"4933 TT","53,604"
"2301 TT","1,145,378"
"4939 TT","25,701"
"2302 TT","67,282"
"4944 TT","131,626"
"2303 TT","6,121,208"
"4947 TT","122,742"
"2305 TT","209,525"
"4953 TT","22,068"
"2308 TT","942,495"
"4966 TT","339,272"
"2311 TT","3,158,620"
"4971 TT","269,868"
"2312 TT","1,075,005"
"4972 TT","46,897"
"2313 TT","1,694,811"
"4973 TT","27,136"
"2314 TT","367,867"
"4974 TT","27,305"
"2316 TT","1,570,388"
"4979 TT","456,845"
"2317 TT","5,932,252"
"4991 TT","640,904"
"2323 TT","706,712"
"4995 TT","11,300"
"2324 TT","2,723,530"
"5009 TT","668,862"
"2325 TT","3,332,534"
"5011 TT","498"
"2327 TT","207,164"
"5013 TT","37,058"
"2328 TT","290,818"
"5014 TT","19,618"
"2329 TT","676,978"
"5015 TT","178,126"
"2330 TT","6,774,330"
"5016 TT","1,851"
"2331 TT","396,056"
"5102 TT","6,509"
"2332 TT","476,253"
"5201 TT","4,494"
"2337 TT","1,440,079"
"5202 TT","8,238"
"2338 TT","76,404"
"5206 TT","8,027"
"2340 TT","498,289"
"5210 TT","6,202"
"2344 TT","2,074,201"
"5211 TT","9,377"
"2345 TT","2,233,677"
"5212 TT","7,485"
"2347 TT","913,796"
"5213 TT","34,683"
"2349 TT","1,868,594"
"5230 TT","35,984"
"2351 TT","340,934"
"5245 TT","155,483"
"2352 TT","900,857"
"5251 TT","12,933"
"2353 TT","2,225,961"
"5255 TT","5,414"
"2354 TT","1,403,938"
"5263 TT","44,722"
"2355 TT","479,552"
"5272 TT","92,800"
"2356 TT","4,783,814"
"5274 TT","18,178"
"2357 TT","266,862"
"5284 TT","41,473"
"2358 TT","66,046"
"5287 TT","4,544"
"2359 TT","267,549"
"5289 TT","450,103"
"2360 TT","105,939"
"5291 TT","8,260"
"2362 TT","252,091"
"5301 TT","21,870"
"2363 TT","437,964"
"5302 TT","23,752"
"2365 TT","89,535"
"5306 TT","46,493"
"2367 TT","337,001"
"5309 TT","1,404,259"
"2368 TT","381,779"
"5310 TT","16,391"
"2369 TT","217,769"
"5312 TT","7,866"
"2371 TT","1,099,802"
"5314 TT","25,613"
"2373 TT","12,929"
"5315 TT","578,430"
"2374 TT","74,524"
"5317 TT","6,345"
"2375 TT","48,501"
"5321 TT","3,131"
"2376 TT","256,710"
"5324 TT","10,113"
"2377 TT","1,232,249"
"5328 TT","119,339"
"2379 TT","713,297"
"5344 TT","5,212"
"2380 TT","42,892"
"5345 TT","19,085"
"2382 TT","1,136,330"
"5347 TT","806,432"
"2383 TT","728,685"
"5349 TT","1,242,611"
"2385 TT","302,252"
"5351 TT","619,294"
"2387 TT","366,577"
"5353 TT","30,259"
"2390 TT","361,064"
"5355 TT","43,981"
"2392 TT","201,557"
"5356 TT","121,503"
"2393 TT","576,033"
"5371 TT","389,847"
"2395 TT","169,040"
"5383 TT","7,527"
"2397 TT","116,184"
"5384 TT","3,397"
"2399 TT","32,372"
"5386 TT","1,541"
"2401 TT","1,359,828"
"5392 TT","44,261"
"2402 TT","441,780"
"5403 TT","83,057"
"2404 TT","305,366"
"5410 TT","75,441"
"2405 TT","3,227,327"
"5425 TT","655,465"
"2406 TT","1,251,868"
"5426 TT","21,675"
"2408 TT","1,378,594"
"5432 TT","1,323"
"2409 TT","15,044,760"
"5438 TT","105,102"
"2412 TT","1,777,390"
"5439 TT","20,388"
"2413 TT","144,398"
"5443 TT","805,928"
"2414 TT","35,311"
"5452 TT","192,899"
"2415 TT","107,878"
"5457 TT","191,861"
"2417 TT","82,811"
"5460 TT","57,239"
"2419 TT","1,622,257"
"5464 TT","13,165"
"2420 TT","109,779"
"5465 TT","45,905"
"2421 TT","784,929"
"5474 TT","106,658"
"2423 TT","22,524"
"5475 TT","98,875"
"2424 TT","1,795"
"5478 TT","268,263"
"2425 TT","67,558"
"5480 TT","36,649"
"2426 TT","336,765"
"5481 TT","73,279"
"2427 TT","77,183"
"5483 TT","901,227"
"2428 TT","111,875"
"5487 TT","107,752"
"2430 TT","41,107"
"5488 TT","13,337"
"2431 TT","218,102"
"5489 TT","13,399"
"2433 TT","24,579"
"5490 TT","341,831"
"2436 TT","932,829"
"5491 TT","56,550"
"2437 TT","57,542"
"5493 TT","19,580"
"2439 TT","774,215"
"5498 TT","49,639"
"2441 TT","106,804"
"5508 TT","136,482"
"2442 TT","69,225"
"5511 TT","35,229"
"2443 TT","36,117"
"5512 TT","217,326"
"2444 TT","319,490"
"5514 TT","17,719"
"2448 TT","2,888,751"
"5516 TT","3,693"
"2449 TT","1,909,017"
"5520 TT","3,461"
"2450 TT","23,073"
"5523 TT","2,210"
"2451 TT","136,282"
"5529 TT","54,993"
"2453 TT","93,296"
"5530 TT","34,233"
"2454 TT","1,345,851"
"5536 TT","19,503"
"2455 TT","1,301,643"
"5603 TT","53,781"
"2456 TT","485,581"
"5604 TT","6,129"
"2457 TT","241,252"
"5609 TT","21,245"
"2458 TT","689,596"
"5703 TT","4,213"
"2459 TT","14,984"
"5704 TT","68,056"
"2460 TT","20,969"
"5820 TT","222,804"
"2461 TT","127,468"
"5903 TT","88,712"
"2462 TT","28,782"
"5904 TT","11,075"
"2464 TT","559,530"
"5905 TT","64,036"
"2466 TT","17,227"
"6015 TT","82,647"
"2467 TT","169,315"
"6016 TT","87,820"
"2468 TT","13,400"
"6020 TT","8,813"
"2471 TT","51,883"
"6021 TT","56,505"
"2472 TT","231,737"
"6022 TT","71,965"
"2474 TT","1,278,006"
"6023 TT","37,072"
"2475 TT","521,251"
"6024 TT","76,341"
"2476 TT","38,341"
"6101 TT","8,798"
"2477 TT","52,886"
"6104 TT","376,709"
"2478 TT","157,169"
"6105 TT","88,715"
"2480 TT","44,386"
"6107 TT","82,727"
"2481 TT","1,943,273"
"6109 TT","23,013"
"2482 TT","238,226"
"6111 TT","306,309"
"2483 TT","63,009"
"6113 TT","25,030"
"2484 TT","515,275"
"6114 TT","52,905"
"2485 TT","1,213,729"
"6118 TT","33,221"
"2486 TT","65,603"
"6121 TT","212,885"
"2488 TT","390,088"
"6122 TT","15,816"
"2489 TT","1,408,765"
"6123 TT","173,141"
"2492 TT","1,615,831"
"6124 TT","4,786"
"2493 TT","82,097"
"6125 TT","236,628"
"2495 TT","343,610"
"6126 TT","68,645"
"2497 TT","272,579"
"6127 TT","25,252"
"2498 TT","7,876,784"
"6129 TT","85,306"
"2499 TT","290,926"
"6130 TT","4,032"
"2501 TT","240,004"
"6134 TT","10,241"
"2504 TT","314,227"
"6138 TT","158,392"
"2505 TT","88,866"
"6140 TT","7,711"
"2506 TT","21,671"
"6143 TT","426,569"
"2509 TT","54,042"
"6146 TT","38,730"
"2511 TT","688,176"
"6147 TT","832,075"
"2514 TT","193,186"
"6148 TT","49,246"
"2515 TT","1,061,654"
"6151 TT","82,966"
"2516 TT","140,576"
"6154 TT","7,066"
"2520 TT","559,595"
"6156 TT","63,790"
"2524 TT","37,420"
"6158 TT","180,262"
"2527 TT","33,100"
"6160 TT","192,873"
"2528 TT","3,564"
"6161 TT","24,897"
"2530 TT","206,703"
"6163 TT","199,655"
"2534 TT","115,882"
"6169 TT","164,816"
"2535 TT","44,424"
"6170 TT","27,443"
"2536 TT","103,804"
"6171 TT","35,948"
"2537 TT","233,724"
"6173 TT","1,216,632"
"2538 TT","402,727"
"6174 TT","7,567"
"2539 TT","44,814"
"6175 TT","24,627"
"2540 TT","2,374"
"6179 TT","8,967"
"2542 TT","2,296,693"
"6180 TT","243,558"
"2543 TT","14,113"
"6182 TT","498,971"
"2545 TT","231,856"
"6185 TT","100,092"
"2546 TT","20,285"
"6186 TT","153,073"
"2547 TT","251,508"
"6187 TT","368,779"
"2548 TT","462,884"
"6188 TT","238,313"
"2597 TT","18,488"
"6190 TT","38,412"
"2601 TT","423,863"
"6194 TT","27,294"
"2603 TT","1,247,881"
"6195 TT","11,939"
"2605 TT","185,423"
"6203 TT","10,156"
"2606 TT","534,949"
"6204 TT","3,661"
"2607 TT","142,859"
"6207 TT","168,704"
"2608 TT","521,882"
"6208 TT","90,121"
"2609 TT","1,420,509"
"6210 TT","37,622"
"2610 TT","2,090,922"
"6212 TT","6,857"
"2611 TT","32,289"
"6217 TT","302,038"
"2612 TT","123,393"
"6218 TT","13,300"
"2613 TT","30,565"
"6219 TT","10,846"
"2615 TT","1,963,762"
"6220 TT","213,662"
"2616 TT","30,119"
"6221 TT","23,526"
"2617 TT","164,454"
"6223 TT","289,755"
"2618 TT","3,067,441"
"6227 TT","405,218"
"2634 TT","732,144"
"6228 TT","19,363"
"2637 TT","289,837"
"6229 TT","101,777"
"2642 TT","27,792"
"6231 TT","13,594"
"2701 TT","8,105"
"6233 TT","68,263"
"2702 TT","27,961"
"6234 TT","267,421"
"2704 TT","14,761"
"6237 TT","284,637"
"2705 TT","111,156"
"6238 TT","584,849"
"2706 TT","15,735"
"6241 TT","18,572"
"2707 TT","69,649"
"6244 TT","1,285,199"
"2712 TT","4,193"
"6245 TT","204,788"
"2722 TT","1,704"
"6248 TT","1,025"
"2723 TT","95,184"
"6261 TT","103,849"
"2727 TT","47,082"
"6263 TT","21,284"
"2731 TT","61,828"
"6264 TT","10,358"
"2801 TT","1,017,107"
"6265 TT","51,603"
"2809 TT","258,067"
"6266 TT","378,750"
"2812 TT","404,351"
"6270 TT","32,859"
"2816 TT","36,684"
"6274 TT","555,977"
"2820 TT","337,590"
"6275 TT","40,415"
"2823 TT","2,697,472"
"6279 TT","182,720"
"2832 TT","39,096"
"6284 TT","45,731"
"2834 TT","1,409,484"
"6287 TT","6,658"
"2836 TT","152,032"
"6290 TT","328,526"
"2838 TT","84,628"
"6292 TT","6,698"
"2841 TT","676,237"
"6294 TT","68,691"
"2845 TT","334,861"
"6298 TT","52,465"
"2849 TT","44,663"
"6404 TT","166,629"
"2850 TT","54,134"
"6411 TT","462,058"
"2851 TT","19,905"
"6417 TT","60,204"
"2852 TT","70,393"
"6426 TT","9,352"
"2855 TT","128,571"
"6432 TT","24,381"
"2856 TT","159,280"
"6488 TT","174,929"
"2867 TT","444,952"
"6496 TT","22,963"
"2880 TT","1,574,220"
"6506 TT","126,224"
"2881 TT","5,158,385"
"6508 TT","21,285"
"2882 TT","4,750,317"
"6509 TT","540,803"
"2883 TT","5,420,310"
"6510 TT","141,091"
"2884 TT","3,485,797"
"6603 TT","34,531"
"2885 TT","5,964,504"
"6609 TT","61,142"
"2886 TT","4,390,222"
"6803 TT","24,990"
"2887 TT","3,946,798"
"8024 TT","20,701"
"2888 TT","4,765,279"
"8027 TT","10,652"
"2889 TT","481,144"
"8032 TT","5,048"
"2890 TT","3,576,024"
"8038 TT","351,056"
"2891 TT","6,843,015"
"8040 TT","30,529"
"2892 TT","3,792,294"
"8042 TT","98,814"
"2901 TT","7,534"
"8043 TT","15,617"
"2903 TT","423,555"
"8044 TT","89,085"
"2904 TT","12,513"
"8047 TT","5,299"
"2905 TT","192,345"
"8048 TT","90,810"
"2906 TT","17,825"
"8049 TT","531,928"
"2908 TT","150,806"
"8050 TT","232,348"
"2910 TT","514"
"8053 TT","26,587"
"2911 TT","152,222"
"8054 TT","30,620"
"2912 TT","305,365"
"8059 TT","38,527"
"2913 TT","451,454"
"8064 TT","1,309,398"
"2915 TT","738,194"
"8069 TT","2,397,121"
"2929 TT","151,451"
"8071 TT","23,299"
"3002 TT","27,473"
"8074 TT","54,008"
"3003 TT","462,154"
"8076 TT","573,368"
"3004 TT","110,780"
"8079 TT","15,293"
"3005 TT","626,844"
"8080 TT","161,923"
"3006 TT","314,135"
"8083 TT","3,874"
"3008 TT","193,385"
"8085 TT","39,733"
"3010 TT","37,335"
"8086 TT","1,173,458"
"3011 TT","127,913"
"8088 TT","51,064"
"3013 TT","144,408"
"8091 TT","111,995"
"3014 TT","116,919"
"8093 TT","4,156"
"3015 TT","60,470"
"8096 TT","1,053,066"
"3016 TT","744,542"
"8099 TT","25,505"
"3017 TT","799,832"
"8107 TT","138,171"
"3018 TT","28,790"
"8109 TT","69,896"
"3019 TT","206,984"
"8121 TT","139,562"
"3021 TT","18,501"
"8147 TT","21,662"
"3022 TT","210,876"
"8155 TT","50,378"
"3023 TT","388,650"
"8171 TT","159,186"
"3024 TT","44,153"
"8182 TT","21,348"
"3025 TT","35,685"
"8183 TT","114,353"
"3026 TT","30,263"
"8234 TT","87,507"
"3027 TT","70,823"
"8240 TT","11,562"
"3028 TT","137,790"
"8255 TT","300,246"
"3029 TT","210,562"
"8277 TT","296,776"
"3030 TT","165,513"
"8287 TT","107,275"
"3031 TT","58,879"
"8289 TT","30,258"
"3032 TT","572,381"
"8299 TT","293,065"
"3033 TT","49,194"
"8349 TT","14,088"
"3034 TT","770,862"
"8354 TT","18,093"
"3035 TT","284,639"
"8358 TT","90,939"
"3036 TT","207,099"
"8383 TT","466,959"
"3037 TT","1,567,285"
"8390 TT","22,100"
"3038 TT","971,415"
"8401 TT","18,224"
"3040 TT","10,700"
"8403 TT","155,122"
"3041 TT","519,491"
"8406 TT","49,855"
"3042 TT","759,547"
"8410 TT","10,637"
"3044 TT","264,225"
"8418 TT","4,747"
"3045 TT","646,626"
"8420 TT","96,792"
"3047 TT","201,185"
"8421 TT","27,066"
"3048 TT","181,953"
"8424 TT","5,197"
"3049 TT","726,745"
"8426 TT","32,988"
"3050 TT","284,276"
"8431 TT","382,784"
"3052 TT","104,457"
"8432 TT","201,520"
"3054 TT","66,164"
"8433 TT","94,288"
"3055 TT","461,158"
"8435 TT","4,655"
"3056 TT","337,834"
"8436 TT","382,166"
"3057 TT","227,857"
"8437 TT","107,610"
"3058 TT","42,298"
"8444 TT","21,534"
"3059 TT","418,055"
"8446 TT","239,472"
"3060 TT","446,905"
"8450 TT","13,812"
"3062 TT","339,200"
"8905 TT","7,740"
"3090 TT","33,538"
"8908 TT","783"
"3094 TT","117,940"
"8913 TT","9,058"
"3130 TT","1,951"
"8916 TT","106,935"
"3149 TT","300,478"
"8917 TT","457"
"3164 TT","35,817"
"8923 TT","457"
"3167 TT","52,763"
"8924 TT","27,550"
"3189 TT","364,912"
"8927 TT","40,663"
"3209 TT","120,896"
"8928 TT","23,283"
"3229 TT","161,239"
"8929 TT","5,581"
"3231 TT","3,996,971"
"8930 TT","5,484"
"3257 TT","39,075"
"8931 TT","9,253"
"3266 TT","30,838"
"8933 TT","191,671"
"3296 TT","9,226"
"8935 TT","14,974"
"3305 TT","15,701"
"8936 TT","516,930"
"3308 TT","9,514"
"8937 TT","24,677"
"3311 TT","140,065"
"8938 TT","37,261"
"3312 TT","23,328"
"8941 TT","1,251"
"3315 TT","14,775"
"8942 TT","133,744"
"3338 TT","74,286"
"911613 TT","853"
"3356 TT","26,324"
"9949 TT","3,020"
"3376 TT","382,148"
"9950 TT","1,937"
"3380 TT","742,111"
"9951 TT","101,608"
"3383 TT","277,584"
"9960 TT","26,858"
"3406 TT","204,193"
"9962 TT","6,480"
"3413 TT","489,093"
"3416 TT","14,319"
"3419 TT","105,229"
"3432 TT","13,897"
"3437 TT","150,244"
"3443 TT","249,351"
"3450 TT","908,689"
"3454 TT","140,828"
"3474 TT","2,509,010"
"3481 TT","16,020,329"
"3494 TT","1,031,427"
"3501 TT","128,894"
"3504 TT","153,611"
"3514 TT","2,691,182"
"3515 TT","28,914"
"3518 TT","43,828"
"3519 TT","1,168,561"
"3532 TT","38,617"
"3533 TT","171,518"
"3535 TT","619,413"
"3545 TT","328,577"
"3550 TT","56,544"
"3557 TT","29,969"
"3559 TT","134,848"
"3561 TT","666,506"
"3573 TT","18,244"
"3576 TT","1,386,442"
"3579 TT","113,574"
"3583 TT","115,493"
"3588 TT","61,738"
"3591 TT","41,278"
"3596 TT","1,010,915"
"3598 TT","49,157"
"3605 TT","393,894"
"3607 TT","105,154"
"3617 TT","67,658"
"3622 TT","116,690"
"3645 TT","41,840"
"3653 TT","28,952"
"3661 TT","184,972"
"3665 TT","581,457"
"3669 TT","25,817"
"3673 TT","3,082,607"
"3679 TT","21,937"
"3682 TT","1,519,325"
"3686 TT","699,579"
"3694 TT","168,368"
"3698 TT","539,791"
"3702 TT","653,038"
"3703 TT","232,485"
"3704 TT","270,540"
"3705 TT","49,420"
"3706 TT","1,273,830"
"4104 TT","64,719"
"4106 TT","256,207"
"4108 TT","1,456,737"
"4119 TT","384,923"
"4133 TT","30,843"
"4137 TT","269,605"
"4141 TT","243,899"
"4142 TT","354,918"
"4144 TT","33,637"
"4164 TT","32,764"
"4306 TT","106,875"
"4414 TT","1,167,759"
"4426 TT","287,457"
"4526 TT","102,293"
"4532 TT","76,027"
"4536 TT","16,901"
"4551 TT","208,524"
"4720 TT","16,275"
"4722 TT","209,817"
"4725 TT","120,202"
"4733 TT","641,183"
"4737 TT","6,995"
"4746 TT","398,254"
"4755 TT","13,416"
"4904 TT","792,127"
"4906 TT","608,807"
"4912 TT","40,348"
"4915 TT","764,397"
"4916 TT","491,888"
"4919 TT","275,567"
"4927 TT","102,949"
"4930 TT","78,557"
"4934 TT","2,052,255"
"4935 TT","475,254"
"4938 TT","1,622,250"
"4942 TT","51,165"
"4952 TT","309,740"
"4956 TT","36,573"
"4958 TT","1,037,094"
"4960 TT","868,901"
"4976 TT","8,498"
"4977 TT","109,405"
"4984 TT","154,440"
"4994 TT","46,854"
"4999 TT","103,740"
"5007 TT","27,078"
"5203 TT","27,912"
"5215 TT","32,338"
"5225 TT","19,420"
"5234 TT","12,287"
"5243 TT","480,005"
"5264 TT","248,651"
"5269 TT","221,487"
"5285 TT","17,940"
"5288 TT","132,470"
"5305 TT","173,244"
"5388 TT","519,019"
"5434 TT","63,145"
"5469 TT","224,274"
"5471 TT","40,243"
"5515 TT","15,957"
"5519 TT","70,271"
"5521 TT","172,790"
"5522 TT","612,174"
"5525 TT","38,869"
"5531 TT","293,765"
"5533 TT","53,952"
"5534 TT","305,083"
"5538 TT","5,166"
"5607 TT","28,621"
"5608 TT","71,304"
"5706 TT","33,287"
"5871 TT","665,260"
"5880 TT","1,828,527"
"5906 TT","7,813"
"5907 TT","147,308"
"6005 TT","321,083"
"6108 TT","92,015"
"6112 TT","34,247"
"6115 TT","28,758"
"6116 TT","2,792,811"
"6117 TT","1,989"
"6120 TT","358,444"
"6128 TT","57,888"
"6133 TT","6,738"
"6136 TT","41,258"
"6139 TT","1,677,149"
"6141 TT","14,967"
"6142 TT","253,037"
"6145 TT","74,041"
"6152 TT","273,358"
"6153 TT","254,581"
"6155 TT","4,939"
"6164 TT","39,551"
"6166 TT","65,456"
"6168 TT","81,550"
"6176 TT","1,201,314"
"6177 TT","55,463"
"6183 TT","8,649"
"6184 TT","29,766"
"6189 TT","54,566"
"6191 TT","194,791"
"6192 TT","32,026"
"6196 TT","207,138"
"6197 TT","158,614"
"6201 TT","9,566"
"6202 TT","120,210"
"6205 TT","56,712"
"6206 TT","77,678"
"6209 TT","97,886"
"6213 TT","200,466"
"6214 TT","219,729"
"6215 TT","136,618"
"6216 TT","106,904"
"6224 TT","60,332"
"6226 TT","55,613"
"6230 TT","453,191"
"6235 TT","144,331"
"6239 TT","587,194"
"6243 TT","379,258"
"6251 TT","100,216"
"6257 TT","309,079"
"6269 TT","689,584"
"6271 TT","457,697"
"6277 TT","35,866"
"6278 TT","87,903"
"6281 TT","11,001"
"6282 TT","1,943,565"
"6283 TT","100,197"
"6285 TT","704,634"
"6405 TT","14,028"
"6409 TT","32,672"
"6412 TT","49,043"
"6414 TT","143,969"
"6415 TT","57,817"
"6422 TT","177,759"
"6431 TT","6,476"
"6442 TT","329,619"
"6449 TT","64,467"
"6451 TT","90,462"
"6452 TT","211,552"
"6456 TT","715,978"
"6504 TT","72,901"
"6505 TT","899,765"
"6605 TT","73,749"
"6702 TT","252,611"
"8011 TT","83,563"
"8016 TT","235,738"
"8021 TT","189,095"
"8039 TT","123,704"
"8046 TT","59,515"
"8070 TT","44,489"
"8072 TT","11,143"
"8081 TT","194,159"
"8101 TT","119,050"
"8103 TT","74,513"
"8105 TT","1,775,187"
"8110 TT","466,875"
"8112 TT","405,845"
"8114 TT","26,205"
"8131 TT","114,670"
"8150 TT","146,036"
"8163 TT","543,887"
"8201 TT","10,550"
"8210 TT","247,345"
"8213 TT","237,606"
"8215 TT","191,413"
"8222 TT","475,124"
"8249 TT","160,723"
"8261 TT","9,277"
"8271 TT","485,209"
"8341 TT","269,849"
"8374 TT","109,120"
"8404 TT","787,052"
"8411 TT","67,989"
"8422 TT","79,872"
"8427 TT","15,594"
"8429 TT","303,465"
"8443 TT","24,381"
"8454 TT","17,500"
"8463 TT","21,327"
"8464 TT","215,793"
"8926 TT","93,243"
"8940 TT","3,724"
"8996 TT","210,735"
"9103 TT","79,382"
"910322 TT","21,907"
"910482 TT","136,177"
"9105 TT","553,114"
"910801 TT","56,605"
"911611 TT","14,666"
"911616 TT","34,213"
"911868 TT","10,506"
"912000 TT","5,661"
"9136 TT","225,682"
"9157 TT","11,779"
"9188 TT","39,933"
"9802 TT","206,347"
"9902 TT","35,501"
"9904 TT","1,449,751"
"9905 TT","47,044"
"9906 TT","246,652"
"9907 TT","296,979"
"9908 TT","46,405"
"9910 TT","249,793"
"9911 TT","86,898"
"9912 TT","26,633"
"9914 TT","271,789"
"9917 TT","51,450"
"9918 TT","1,284"
"9919 TT","79,696"
"9921 TT","165,308"
"9924 TT","246,615"
"9925 TT","41,054"
"9926 TT","2,532"
"9927 TT","34,589"
"9928 TT","5,558"
"9930 TT","16,021"
"9931 TT","3,213"
"9933 TT","728,413"
"9934 TT","138,203"
"9937 TT","36,319"
"9938 TT","890,765"
"9939 TT","272,946"
"9940 TT","57,595"
"9941 TT","45,102"
"9942 TT","26,866"
"9943 TT","119,714"
"9944 TT","13,385"
"9945 TT","1,489,702"
"9946 TT","245,295"
"9955 TT","21,558"
"9958 TT","94,864"
